{"loss": 0.5235374569892883, "loss1": 0.005642196163535118, "loss2": 0.33053067326545715, "loss3": 0.1873646080493927, "_timestamp": 1694250036.919261, "_runtime": 171.65375590324402, "_step": 1132, "AUC": 0.628200093144654, "Anomaly AUC": 0.5104245561059657, "_wandb": {"runtime": 171}}