{"loss": 0.05561341345310211, "loss1": 0.0001879953488241881, "loss2": 0.046742361038923264, "loss3": 0.008683053776621819, "_timestamp": 1694166442.1241357, "_runtime": 1190.0472836494446, "_step": 7936, "AUC": 0.8410578888618394, "Anomaly AUC": 0.6722287813730194, "_wandb": {"runtime": 1195}}