{"loss": 0.04237879440188408, "loss1": 0.0001515410258434713, "loss2": 0.041864555329084396, "loss3": 0.0003626970574259758, "_timestamp": 1694238905.3943307, "_runtime": 965.997930765152, "_step": 6342, "AUC": 0.8141448695885829, "Anomaly AUC": 0.6287593614207825, "_wandb": {"runtime": 965}}