{"loss": 0.2885308563709259, "loss1": 0.0031317530665546656, "loss2": 0.2645222842693329, "loss3": 0.02087683044373989, "_timestamp": 1694247810.8329415, "_runtime": 495.9055745601654, "_step": 2266, "AUC": 0.796019553036572, "Anomaly AUC": 0.5597099283865453, "_wandb": {"runtime": 502}}