{"loss": 0.2558633089065552, "loss1": 0.002700760494917631, "loss2": 0.25172173976898193, "loss3": 0.0014408185379579663, "_timestamp": 1694236947.2940547, "_runtime": 284.863707780838, "_step": 1888, "AUC": 0.8462473535594673, "Anomaly AUC": 0.6733105998521044, "_wandb": {"runtime": 285}}