{"loss": 0.6386697292327881, "loss1": 0.0014387276023626328, "loss2": 0.3432281017303467, "loss3": 0.294002890586853, "_timestamp": 1694248656.5851727, "_runtime": 217.44709372520447, "_step": 1824, "AUC": 0.5069973980906813, "Anomaly AUC": 0.5139601765863002, "_wandb": {"runtime": 216}}