{"pel_total_loss": 0.4327300786972046, "ur_total_loss": 0.0972822979092598, "pel-bce": 0.0017386636463925242, "pel-klv": 0.43099141120910645, "ur-bce": 0.00011295625881757587, "UR_loss": 0.09716933965682983, "_timestamp": 1694145555.1996145, "_runtime": 242.47166562080383, "_step": 2930, "PEL-AUC": 0.8565982259976979, "PEL-Anomaly AUC": 0.6944318686426769, "PEL-lr": 5e-06, "UR-AUC": 0.8642461579795975, "UR-Anomaly AUC": 0.6857532433976291, "UR-lr": 5e-07, "_wandb": {"runtime": 242}}