{"pel_total_loss": 0.12167748808860779, "ur_total_loss": 0.38639914989471436, "pel-bce": 0.0006229006103239954, "pel-klv": 0.12105458974838257, "ur-bce": 0.006060671992599964, "UR_loss": 0.38033849000930786, "_timestamp": 1694143097.6007392, "_runtime": 421.3060133457184, "_step": 6283, "PEL-AUC": 0.8118355413883247, "PEL-Anomaly AUC": 0.6369387028515325, "PEL-lr": 5e-05, "UR-AUC": 0.7808868875123609, "UR-Anomaly AUC": 0.5929161338049657, "UR-lr": 5e-07, "_wandb": {"runtime": 424}}