{"loss": 0.5548273324966431, "loss1": 0.1010899692773819, "loss2": 0.44342464208602905, "loss3": 0.010312735103070736, "_timestamp": 1694233041.6837263, "_runtime": 320.88917422294617, "_step": 2266, "AUC": 0.7417746269015366, "Anomaly AUC": 0.5499378210643888, "_wandb": {"runtime": 325}}