{"loss": 0.0004851606208831072, "loss1": 9.237886843038723e-06, "loss2": 0.00030259735649451613, "loss3": 0.00017332540301140398, "_timestamp": 1694176543.0457435, "_runtime": 1394.2141795158386, "_step": 9197, "AUC": 0.7821984369910291, "Anomaly AUC": 0.5704715395660986, "_wandb": {"runtime": 1399}}