{"loss": 0.809675931930542, "loss1": 0.024026596918702126, "loss2": 0.6601935625076294, "loss3": 0.12545578181743622, "_timestamp": 1694260152.6824193, "_runtime": 197.37564826011658, "_step": 1259, "AUC": 0.7660937252992776, "Anomaly AUC": 0.5604112338753237, "_wandb": {"runtime": 207}}