{"loss": 0.06115337088704109, "loss1": 0.0003077422734349966, "loss2": 0.06035599857568741, "loss3": 0.0004896316677331924, "_timestamp": 1694235367.2820451, "_runtime": 828.2241060733795, "_step": 5848, "AUC": 0.8140913082710505, "Anomaly AUC": 0.6240791479849042, "_wandb": {"runtime": 827}}