{"loss": 0.43089669942855835, "loss1": 0.043909840285778046, "loss2": 0.3869868516921997, "loss3": 0.0, "_timestamp": 1694258534.0239294, "_runtime": 516.4765174388885, "_step": 5007, "AUC": 0.7933756498937253, "Anomaly AUC": 0.630025843129554, "_wandb": {"runtime": 516}}