{"loss": 0.1548670381307602, "loss1": 0.0015036207623779774, "loss2": 0.14310768246650696, "loss3": 0.010255743749439716, "_timestamp": 1694262305.6822474, "_runtime": 805.5514934062958, "_step": 5324, "AUC": 0.8425393065963884, "Anomaly AUC": 0.6893821862566751, "_wandb": {"runtime": 804}}