{"loss": 0.08492764830589294, "loss1": 0.0021463464945554733, "loss2": 0.30482667684555054, "loss3": 0.047541555017232895, "_timestamp": 1694263204.9693313, "_runtime": 284.22936725616455, "_step": 1888, "AUC": 0.7422628576952416, "Anomaly AUC": 0.5190030214302704, "_wandb": {"runtime": 285}}