{"loss": 0.35119831562042236, "loss1": 0.024020319804549217, "loss2": 0.2954997718334198, "loss3": 0.0316782221198082, "_timestamp": 1694254561.0591977, "_runtime": 305.24906158447266, "_step": 2014, "AUC": 0.8321599237812131, "Anomaly AUC": 0.6304428546473342, "_wandb": {"runtime": 306}}