{"loss": 0.06751495599746704, "loss1": 0.005716156680136919, "loss2": 0.030236393213272095, "loss3": 0.03156241029500961, "_timestamp": 1694172787.6271665, "_runtime": 333.9393765926361, "_step": 2212, "AUC": 0.8320179778472401, "Anomaly AUC": 0.6804797085457328, "_wandb": {"runtime": 333}}