{"loss": 1.1769883632659912, "loss2": 1.4331789016723633, "loss3": 0.3850027322769165, "_timestamp": 1694159445.573141, "_runtime": 10.898696184158325, "_step": 0, "_wandb": {"runtime": 10}}