{"loss": 0.023587344214320183, "loss1": 0.0001041601353790611, "loss2": 0.017991548404097557, "loss3": 0.005491634365171194, "_timestamp": 1694162899.6541963, "_runtime": 1659.0288562774658, "_step": 10802, "AUC": 0.845227891907872, "Anomaly AUC": 0.6739367107563192, "_wandb": {"runtime": 1662}}