{"loss": 0.02474735490977764, "loss1": 0.0001327345089521259, "loss2": 0.024059180170297623, "loss3": 0.0005554416566155851, "_timestamp": 1694172440.3266468, "_runtime": 410.16257786750793, "_step": 2725, "AUC": 0.804259049470108, "Anomaly AUC": 0.6543613442604411, "_wandb": {"runtime": 409}}