{"loss": 0.01508098654448986, "loss1": 6.562699127243832e-05, "loss2": 0.008082407526671886, "loss3": 0.0069329519756138325, "_timestamp": 1694169753.9428236, "_runtime": 1454.835435628891, "_step": 12599, "AUC": 0.8522539107169511, "Anomaly AUC": 0.6842960539310352, "_wandb": {"runtime": 1454}}