{"loss": 0.10117529332637787, "loss1": 0.00032651916262693703, "loss2": 0.10050550103187561, "loss3": 0.0003432720259297639, "_timestamp": 1694237926.116631, "_runtime": 683.5319130420685, "_step": 4534, "AUC": 0.8409337760538536, "Anomaly AUC": 0.6787127278232752, "_wandb": {"runtime": 686}}