{"loss": 13.256536483764648, "loss1": 11.75562858581543, "loss2": 1.30418860912323, "loss3": 0.19671913981437683, "_timestamp": 1694243571.8230891, "_runtime": 199.89872312545776, "_step": 1281, "AUC": 0.7183220246337846, "Anomaly AUC": 0.5338132930521614, "_wandb": {"runtime": 199}}