{"loss": 0.01611332967877388, "loss1": 0.0014596404507756233, "loss2": 0.014653688296675682, "loss3": 0.0, "_timestamp": 1694259588.837797, "_runtime": 497.12294697761536, "_step": 4787, "AUC": 0.7863325394717673, "Anomaly AUC": 0.6391669183298362, "_wandb": {"runtime": 502}}