{"loss": 0.2934965193271637, "loss1": 0.030632905662059784, "loss2": 0.2522137761116028, "loss3": 0.01064983382821083, "_timestamp": 1694264426.080099, "_runtime": 746.9451541900635, "_step": 4919, "AUC": 0.8390595296729952, "Anomaly AUC": 0.6450650314292503, "_wandb": {"runtime": 746}}