{"loss": 0.35141438245773315, "loss1": 0.08829660713672638, "loss2": 0.2481011599302292, "loss3": 0.015016594901680946, "_timestamp": 1694255745.290876, "_runtime": 399.6844630241394, "_step": 1790, "AUC": 0.828985377557341, "Anomaly AUC": 0.620142528825466, "_wandb": {"runtime": 399}}