{"loss": 1.7024259567260742, "loss1": 0.4230199456214905, "loss2": 0.9834610819816589, "loss3": 0.2959449291229248, "_timestamp": 1694255313.349917, "_runtime": 47.402714014053345, "_step": 154, "AUC": 0.7990419002874014, "Anomaly AUC": 0.5803222013342306, "_wandb": {"runtime": 47}}