{"loss": 0.2085382640361786, "loss2": 0.9964574575424194, "loss3": 0.1341075599193573, "_timestamp": 1694159175.059269, "_runtime": 936.3079700469971, "_step": 6212, "AUC": 0.8462708961602112, "Anomaly AUC": 0.6770590864090014, "_wandb": {"runtime": 935}}