{"loss": 1.4338109493255615, "loss1": 0.1064213290810585, "loss2": 1.1338833570480347, "loss3": 0.19350625574588776, "_timestamp": 1694243141.4925492, "_runtime": 203.29301118850708, "_step": 1317, "AUC": 0.7908577499212173, "Anomaly AUC": 0.5486171621567864, "_wandb": {"runtime": 202}}