{"loss": 0.07660966366529465, "loss1": 0.012076525017619133, "loss2": 0.06268768012523651, "loss3": 0.001845456543378532, "_timestamp": 1694259910.5391467, "_runtime": 303.38835859298706, "_step": 2014, "AUC": 0.8197427336878274, "Anomaly AUC": 0.6239869501754214, "_wandb": {"runtime": 308}}