{"loss": 0.18495318293571472, "loss1": 0.0009143585339188576, "loss2": 0.17455290257930756, "loss3": 0.009485920891165733, "_timestamp": 1694262871.3015823, "_runtime": 512.8537902832031, "_step": 3400, "AUC": 0.8430840735688296, "Anomaly AUC": 0.6724800580216698, "_wandb": {"runtime": 514}}