{"loss": 0.022464130073785782, "loss1": 0.00211683614179492, "loss2": 0.020347293466329575, "loss3": 0.0, "_timestamp": 1694259071.9835525, "_runtime": 525.1291904449463, "_step": 5040, "AUC": 0.8079346478863374, "Anomaly AUC": 0.629748248993095, "_wandb": {"runtime": 524}}