{"loss": 0.007535791955888271, "loss1": 0.0, "loss2": 0.007352323736995459, "loss3": 0.00018346832075621933, "_timestamp": 1694233593.3028498, "_runtime": 404.21339869499207, "_step": 2828, "AUC": 0.6453617747931704, "Anomaly AUC": 0.6052935457897077, "_wandb": {"runtime": 403}}