{"loss": 0.2055843323469162, "loss1": 0.0010013370774686337, "loss2": 0.19380441308021545, "loss3": 0.010778579860925674, "_timestamp": 1694166922.1514537, "_runtime": 449.84046483039856, "_step": 3022, "AUC": 0.8495179146503322, "Anomaly AUC": 0.6810975683291787, "_wandb": {"runtime": 456}}