{"loss": 0.2976232171058655, "loss1": 0.0007605052087455988, "loss2": 1.4214725494384766, "loss3": 0.29686272144317627, "_timestamp": 1694254186.2991176, "_runtime": 86.46693348884583, "_step": 754, "AUC": 0.6505497215076679, "Anomaly AUC": 0.5110878550821172, "_wandb": {"runtime": 87}}