{"loss": 0.03257913142442703, "loss1": 0.0006214966415427625, "loss2": 0.31692200899124146, "loss3": 0.0002654310374055058, "_timestamp": 1694168287.6225345, "_runtime": 565.0864644050598, "_step": 4862, "AUC": 0.8223078093603591, "Anomaly AUC": 0.5921440665534239, "_wandb": {"runtime": 564}}