{"loss": 1.4558159112930298, "loss1": 0.33804330229759216, "loss2": 0.9588016271591187, "loss3": 0.15897095203399658, "_timestamp": 1694246932.1917431, "_runtime": 108.26305508613586, "_step": 258, "AUC": 0.8109709984874994, "Anomaly AUC": 0.5853739551228774, "_wandb": {"runtime": 107}}