{"loss": 0.039423275738954544, "loss1": 0.00012367221643216908, "loss2": 0.03880874067544937, "loss3": 0.0004893764271400869, "_timestamp": 1694236646.3820477, "_runtime": 1236.9719185829163, "_step": 8188, "AUC": 0.8537682740912311, "Anomaly AUC": 0.6909685123717499, "_wandb": {"runtime": 1242}}