{"loss": 0.0719616711139679, "loss1": 0.0006040031439624727, "loss2": 0.06997129321098328, "loss3": 0.001386373653076589, "_timestamp": 1694180552.6605299, "_runtime": 1903.8801329135895, "_step": 12599, "AUC": 0.8404189315507824, "Anomaly AUC": 0.6825123932312273, "_wandb": {"runtime": 1903}}