{"loss": 0.20607049763202667, "loss1": 0.004805528558790684, "loss2": 0.1869075745344162, "loss3": 0.014357390813529491, "_timestamp": 1694255255.9963353, "_runtime": 682.6206693649292, "_step": 2822, "AUC": 0.8237710538576194, "Anomaly AUC": 0.6077795663091493, "_wandb": {"runtime": 682}}