{"loss": 0.29272574186325073, "loss1": 0.024250727146863937, "loss2": 0.25364670157432556, "loss3": 0.014828331768512726, "_timestamp": 1694234528.2362342, "_runtime": 921.9114942550659, "_step": 6525, "AUC": 0.8471228881380293, "Anomaly AUC": 0.6711574435166262, "_wandb": {"runtime": 921}}