{"loss": 0.00388639559969306, "loss1": 0.0009433151572011411, "loss2": 0.002383149927482009, "loss3": 0.0005599303403869271, "_timestamp": 1694171385.090489, "_runtime": 790.3628668785095, "_step": 5290, "AUC": 0.7787737084912367, "Anomaly AUC": 0.6640647874045249, "_wandb": {"runtime": 794}}