{"loss": 1.354337215423584, "loss1": 0.14671510457992554, "loss2": 1.200154185295105, "loss3": 0.007467875722795725, "_timestamp": 1694243360.9355955, "_runtime": 209.10994052886963, "_step": 1384, "AUC": 0.7826772216291288, "Anomaly AUC": 0.5542842594832016, "_wandb": {"runtime": 208}}