{"pel_total_loss": 0.0012721165549010038, "ur_total_loss": 0.14475710690021515, "pel-bce": 9.6990534075303e-06, "pel-klv": 0.0012624175287783146, "ur-bce": 6.532737684139533e-10, "UR_loss": 0.14475710690021515, "_timestamp": 1694140852.6714704, "_runtime": 703.5133624076843, "_step": 11543, "PEL-AUC": 0.46604477037577957, "PEL-Anomaly AUC": 0.5110336212394366, "PEL-lr": 5e-05, "UR-AUC": 0.5, "UR-Anomaly AUC": 0.5, "UR-lr": 5e-07, "_wandb": {"runtime": 711}}