{"loss": 0.31991046667099, "loss1": 0.0009748385637067258, "loss2": 1.4290378093719482, "loss3": 0.3189356327056885, "_timestamp": 1694254079.8679066, "_runtime": 71.76640248298645, "_step": 628, "AUC": 0.6327957221184707, "Anomaly AUC": 0.5167033888828003, "_wandb": {"runtime": 75}}