{"loss": 0.130596324801445, "loss1": 0.00039391889004036784, "loss2": 0.12911048531532288, "loss3": 0.001091928337700665, "_timestamp": 1694242302.5377097, "_runtime": 529.6714236736298, "_step": 3524, "AUC": 0.8388971398786261, "Anomaly AUC": 0.6429836932013944, "_wandb": {"runtime": 529}}