{"loss": 0.12568426132202148, "loss1": 0.0114363394677639, "loss2": 0.11016504466533661, "loss3": 0.004082879982888699, "_timestamp": 1694261384.344431, "_runtime": 1209.8908648490906, "_step": 7981, "AUC": 0.8344388737740839, "Anomaly AUC": 0.6698553408824255, "_wandb": {"runtime": 1209}}