{"loss": 0.039738357067108154, "loss1": 0.003657103283330798, "loss2": 0.035338543355464935, "loss3": 0.0007427106029354036, "_timestamp": 1694246781.5823936, "_runtime": 561.271984577179, "_step": 3673, "AUC": 0.8092468888072022, "Anomaly AUC": 0.5901516327357554, "_wandb": {"runtime": 560}}