{"pel_total_loss": 0.697592556476593, "ur_total_loss": 0.008040782995522022, "pel-bce": 0.008434358984231949, "pel-klv": 0.6891582012176514, "ur-bce": 2.823363865900319e-05, "UR_loss": 0.00801254902034998, "_timestamp": 1694143971.6862695, "_runtime": 512.6270265579224, "_step": 8058, "PEL-AUC": 0.8089118040685567, "PEL-Anomaly AUC": 0.6513397707438819, "PEL-lr": 1e-05, "UR-AUC": 0.6107688551155704, "UR-Anomaly AUC": 0.5587464761684894, "UR-lr": 5e-06, "_wandb": {"runtime": 512}}