{"loss": 0.03766251355409622, "loss1": 0.005294084083288908, "loss2": 0.030243275687098503, "loss3": 0.002125154249370098, "_timestamp": 1694240270.6042507, "_runtime": 1273.2824325561523, "_step": 8331, "AUC": 0.8493744868028299, "Anomaly AUC": 0.6803062502247628, "_wandb": {"runtime": 1272}}