{"loss": 0.031052209436893463, "loss1": 0.00010612476762617007, "loss2": 0.03045465797185898, "loss3": 0.0004914278397336602, "_timestamp": 1694178522.1212468, "_runtime": 1250.975183725357, "_step": 8314, "AUC": 0.849091871279505, "Anomaly AUC": 0.6860240943984728, "_wandb": {"runtime": 1253}}