{"loss": 0.08604750037193298, "loss1": 0.0003282014513388276, "loss2": 0.08459249138832092, "loss3": 0.0011268096277490258, "_timestamp": 1694167707.957415, "_runtime": 766.9508271217346, "_step": 6634, "AUC": 0.8405096227672075, "Anomaly AUC": 0.6637052150160656, "_wandb": {"runtime": 766}}