{"loss": 0.14747311174869537, "loss1": 0.0012387397000566125, "loss2": 0.14449504017829895, "loss3": 0.0017393375746905804, "_timestamp": 1694242820.2893755, "_runtime": 505.1364586353302, "_step": 3291, "AUC": 0.8402387024179245, "Anomaly AUC": 0.6466029235283499, "_wandb": {"runtime": 504}}