{"pel_total_loss": 0.756797730922699, "ur_total_loss": 0.09071885794401169, "pel-bce": 0.021476969122886658, "pel-klv": 0.7353207468986511, "ur-bce": 0.013898481614887714, "UR_loss": 0.07682037353515625, "_timestamp": 1694144441.8808265, "_runtime": 462.60560035705566, "_step": 6847, "PEL-AUC": 0.542774782359477, "PEL-Anomaly AUC": 0.5279719849227023, "PEL-lr": 1e-05, "UR-AUC": 0.779584232203862, "UR-Anomaly AUC": 0.6211202391816109, "UR-lr": 5e-06, "_wandb": {"runtime": 462}}