{"loss": 0.009638174436986446, "loss1": 0.002614065771922469, "loss2": 0.006554580293595791, "loss3": 0.0004695280222222209, "_timestamp": 1694245500.481857, "_runtime": 1914.6169199943542, "_step": 12599, "AUC": 0.787523263390506, "Anomaly AUC": 0.5303191829471194, "_wandb": {"runtime": 1914}}