{"loss": 0.09736981987953186, "loss1": 0.0006026001647114754, "loss2": 0.09595482051372528, "loss3": 0.0008123930892907083, "_timestamp": 1694177260.5582054, "_runtime": 679.281747341156, "_step": 4530, "AUC": 0.8450049592418925, "Anomaly AUC": 0.6482037003706024, "_wandb": {"runtime": 678}}