{"loss": 0.1578727811574936, "loss1": 0.00011812882439699024, "loss2": 0.14701136946678162, "loss3": 0.010743287391960621, "_timestamp": 1694241533.7575674, "_runtime": 696.4937953948975, "_step": 4534, "AUC": 0.7383325458637827, "Anomaly AUC": 0.568379003730289, "_wandb": {"runtime": 703}}