{"pel_total_loss": 0.37451812624931335, "ur_total_loss": 0.004758847411721945, "pel-bce": 0.001247429521754384, "pel-klv": 0.3732706904411316, "ur-bce": 0.0006282393005676568, "UR_loss": 0.004130607936531305, "_timestamp": 1694145117.7574234, "_runtime": 179.91695833206177, "_step": 1776, "PEL-AUC": 0.8575786137009038, "PEL-Anomaly AUC": 0.6937405644437471, "PEL-lr": 5e-06, "UR-AUC": 0.868862518536103, "UR-Anomaly AUC": 0.6955760746577903, "UR-lr": 5e-07, "_wandb": {"runtime": 179}}