{"loss": 0.34442514181137085, "loss1": 0.010594753548502922, "loss2": 0.3047161102294922, "loss3": 0.029114287346601486, "_timestamp": 1694249378.744702, "_runtime": 571.7372779846191, "_step": 2392, "AUC": 0.827710444472552, "Anomaly AUC": 0.6006209193569296, "_wandb": {"runtime": 576}}