{"pel_total_loss": 0.7346038222312927, "ur_total_loss": 0.05303160846233368, "pel-bce": 0.029372144490480423, "pel-klv": 0.7052316665649414, "ur-bce": 1.359003726975061e-05, "UR_loss": 0.05301801860332489, "_timestamp": 1694144931.3275263, "_runtime": 343.9433853626251, "_step": 4884, "PEL-AUC": 0.7989959758965428, "PEL-Anomaly AUC": 0.6436623663253483, "PEL-lr": 1e-05, "UR-AUC": 0.6170143291502557, "UR-Anomaly AUC": 0.5571011012317614, "UR-lr": 5e-06, "_wandb": {"runtime": 343}}