{"loss": 0.012737561948597431, "loss1": 0.00013295200187712908, "loss2": 0.012488308362662792, "loss3": 0.0001163016859209165, "_timestamp": 1694266370.0757804, "_runtime": 1919.2672414779663, "_step": 12599, "AUC": 0.8354477049075718, "Anomaly AUC": 0.6507339519323736, "_wandb": {"runtime": 1918}}