{"loss": 0.15802070498466492, "loss1": 0.0006791678606532514, "loss2": 0.14699330925941467, "loss3": 0.010348224081099033, "_timestamp": 1694170539.877242, "_runtime": 569.3057591915131, "_step": 4912, "AUC": 0.834768070266274, "Anomaly AUC": 0.6662477587967164, "_wandb": {"runtime": 571}}