{"loss": 0.04061649367213249, "loss1": 0.0004055065510328859, "loss2": 0.020764442160725594, "loss3": 0.019446544349193573, "_timestamp": 1694175019.45194, "_runtime": 701.0442359447479, "_step": 3997, "AUC": 0.7089018140130403, "Anomaly AUC": 0.661827616407713, "_wandb": {"runtime": 700}}