{"loss": 0.00019177029025740921, "loss1": 1.5165180684562074e-06, "loss2": 0.0, "loss3": 0.0001902537769638002, "_timestamp": 1694172019.3030636, "_runtime": 608.6136846542358, "_step": 4040, "AUC": 0.8328747217399968, "Anomaly AUC": 0.6400513785596466, "_wandb": {"runtime": 608}}