{"pel_total_loss": 0.0005069127073511481, "ur_total_loss": 0.0002911991032306105, "pel-bce": 1.5927007552818395e-05, "pel-klv": 0.0004909856943413615, "ur-bce": 6.164302249089815e-06, "UR_loss": 0.00028503479552455246, "_timestamp": 1694139696.278129, "_runtime": 358.8048300743103, "_step": 5019, "PEL-AUC": 0.6695268019366781, "PEL-Anomaly AUC": 0.6048241794945535, "PEL-lr": 5e-05, "UR-AUC": 0.8597553608966496, "UR-Anomaly AUC": 0.6840746306051652, "UR-lr": 5e-07, "_wandb": {"runtime": 448}}