{"loss": 0.012804792262613773, "loss1": 4.2769093852257356e-05, "loss2": 0.0006778661045245826, "loss3": 0.012084157206118107, "_timestamp": 1694174275.617283, "_runtime": 1476.8933010101318, "_step": 8306, "AUC": 0.722463378309731, "Anomaly AUC": 0.6688949864535706, "_wandb": {"runtime": 1476}}