{"pel_total_loss": 0.47265106439590454, "ur_total_loss": 0.008603258989751339, "pel-bce": 0.0026944736018776894, "pel-klv": 0.46995657682418823, "ur-bce": 1.0004216619563522e-06, "UR_loss": 0.008602258749306202, "_timestamp": 1694143450.536127, "_runtime": 337.67117404937744, "_step": 4647, "PEL-AUC": 0.816392881136202, "PEL-Anomaly AUC": 0.6459959255177665, "PEL-lr": 5e-05, "UR-AUC": 0.5822260590172821, "UR-Anomaly AUC": 0.5515416403107449, "UR-lr": 1e-05, "_wandb": {"runtime": 337}}