{"pel_total_loss": 0.4901217222213745, "ur_total_loss": 0.004519618581980467, "pel-bce": 0.002230914542451501, "pel-klv": 0.4878908097743988, "ur-bce": 0.00016372853133361787, "UR_loss": 0.0043558902107179165, "_timestamp": 1694145304.0621243, "_runtime": 173.06588625907898, "_step": 1543, "PEL-AUC": 0.8574375725668448, "PEL-Anomaly AUC": 0.693286559708873, "PEL-lr": 5e-06, "UR-AUC": 0.8668241818043667, "UR-Anomaly AUC": 0.690368446309614, "UR-lr": 5e-07, "_wandb": {"runtime": 172}}