{"loss": 0.4210032522678375, "loss1": 0.05048573017120361, "loss2": 0.3654073178768158, "loss3": 0.005110207013785839, "_timestamp": 1694233179.113781, "_runtime": 117.98962306976318, "_step": 779, "AUC": 0.27698420981689786, "Anomaly AUC": 0.5058037338723429, "_wandb": {"runtime": 117}}