{"loss": 0.01156190037727356, "loss1": 0.0015738231595605612, "loss2": 1.3789756298065186, "loss3": 0.009988076984882355, "_timestamp": 1694251894.504247, "_runtime": 1843.751158952713, "_step": 12599, "AUC": 0.797383908596526, "Anomaly AUC": 0.5655261327170815, "_wandb": {"runtime": 1843}}