{"loss": 0.3418485224246979, "loss1": 0.02761175110936165, "loss2": 0.3121504783630371, "loss3": 0.002086278283968568, "_timestamp": 1694248428.10654, "_runtime": 446.3504219055176, "_step": 2771, "AUC": 0.8150001604976703, "Anomaly AUC": 0.6037672251479697, "_wandb": {"runtime": 446}}