{"loss": 0.7502639293670654, "loss1": 0.011515043675899506, "loss2": 0.6427215337753296, "loss3": 0.09602738171815872, "_timestamp": 1694247293.3851545, "_runtime": 349.3632175922394, "_step": 1271, "AUC": 0.7986058915997971, "Anomaly AUC": 0.5581222395463227, "_wandb": {"runtime": 348}}