{"loss": 0.006167106330394745, "loss1": 4.904736124444753e-05, "loss2": 0.005946088582277298, "loss3": 0.0001719703577691689, "_timestamp": 1694165060.0809271, "_runtime": 2141.4606211185455, "_step": 12599, "AUC": 0.8310334977742672, "Anomaly AUC": 0.6567225418752424, "_wandb": {"runtime": 2141}}