{"loss": 0.3909347355365753, "loss1": 0.006378595717251301, "loss2": 0.32280075550079346, "loss3": 0.061755381524562836, "_timestamp": 1694249816.6786377, "_runtime": 348.3364768028259, "_step": 2189, "AUC": 0.7394218673781874, "Anomaly AUC": 0.5387745266962776, "_wandb": {"runtime": 347}}