{"loss": 0.08993836492300034, "loss1": 0.0018821407575160265, "loss2": 0.4607105255126953, "loss3": 0.000996603281237185, "_timestamp": 1694263615.0285585, "_runtime": 397.6020154953003, "_step": 2644, "AUC": 0.8274247307652232, "Anomaly AUC": 0.6652180574425874, "_wandb": {"runtime": 404}}