{"loss": 2.0831644535064697, "loss1": 0.6908999681472778, "loss2": 1.2040057182312012, "loss3": 0.1882587969303131, "_timestamp": 1694246201.262412, "_runtime": 39.81554913520813, "_step": 250, "AUC": 0.7750683773187571, "Anomaly AUC": 0.5803643305121118, "_wandb": {"runtime": 42}}